{
	"class_name" : "ViewTrajectory",
	"interval" : 29,
	"is_loop" : false,
	"trajectory" : 
	[
		{
			"boundingbox_max" : [ 66.963163164435798, 136.46283133598556, 17.141140402236722 ],
			"boundingbox_min" : [ -195.73523285556979, -82.193003333024649, -6.6822454317922162 ],
			"field_of_view" : 60.0,
			"front" : [ -0.87592153933729333, -0.4490245888376429, 0.176460691215274 ],
			"lookat" : [ -25.494403734600795, -13.773849976824206, 12.428487491573666 ],
			"up" : [ 0.16987679112208348, 0.05528273796951487, 0.98391345895899718 ],
			"zoom" : 0.040000000000000001
		}
	],
	"version_major" : 1,
	"version_minor" : 0
}
